NOMBRE;Producto;En uso;Categoría;Marca;Modelo;Variante;Precio;Costo;Stock;Mín;Compatibilidad
Infinix Gt 20 Pro INCELL;Infinix Gt 20 Pro (INCELL)P-0207;;Pantalla;Infinix;Gt 20 Pro;INCELL;35;11;0;0;Infinix Gt 20 Pro INCELL / Infinix Note 40 INCELL
Infinix Gt 20 Pro ORIGINAL;Infinix Gt 20 Pro (ORIGINAL)P-0208;;Pantalla;Infinix;Gt 20 Pro;ORIGINAL;100;40;0;0;Infinix Gt 20 Pro ORIGINAL / Tecno Camon 40 ORIGINAL / Infinix Note 40 ORIGINAL
Infinix Hot 10 Lite ;Infinix Hot 10 LiteP-0211;;Pantalla;Infinix;Hot 10 Lite;;30;9;0;0;Infinix Hot 10 Lite  / Infinix Hot 10i
Infinix Hot 10 Play ;Infinix Hot 10 PlayP-0212;;Pantalla;Infinix;Hot 10 Play;;30;9;0;0;Infinix Hot 10 Play  / Infinix Hot 11 Play
Infinix Hot 10i ;Infinix Hot 10iP-0213;;Pantalla;Infinix;Hot 10i;;30;9;0;0;Infinix Hot 10i / Infinix Hot 10 Lite
Infinix Hot 11 Play ;Infinix Hot 11 Play;;Pantalla;Infinix;Hot 11 Play;;30;9;0;0;Infinix Hot 11 Play / Infinix Hot 10 Play
Infinix Hot 11 2022 ;Infinix Hot 11 2022P-0215;;Pantalla;Infinix;Hot 11 2022;;40;0;0;0;Infinix Hot 11 2022 
Infinix Hot 11s NFC ;Infinix Hot 11s NFCP-0216;;Pantalla;Infinix;Hot 11s NFC;;35;10;0;0;Infinix Hot 11s NFC  / Tecno Camon 18P / Infinix Hot 20s / Tecno Pova Neo
Infinix Hot 20i ;Infinix Hot 20iP-0222;;Pantalla;Infinix;Hot 20i;;30;9;0;0;Infinix Hot 20i / Infinix Smart 6 HD
Infinix Hot 20s ;Infinix Hot 20sP-0223;;Pantalla;Infinix;Hot 20s;;35;10;0;0;Infinix Hot 20s / Tecno Camon 18P / Tecno Pova Neo / Infinix Hot 11s NFC
Infinix Hot 30i ;Infinix Hot 30iP-1025;;Pantalla;Infinix;Hot 30i;;30;9;0;0;Infinix Hot 30i / Tecno Spark Go 2023 / Tecno Pop 7 / Tecno Spark 10 / Tecno Spark 10C / Infinix Smart 7
Infinix Hot 30 ;Infinix Hot 30P-0224;;Pantalla;Infinix;Hot 30;;35;10;0;0;Infinix Hot 30  / Infinix Note 30 INCELL / Tecno Spark 10 Pro / Tecno Spark 20 Pro / Infinix Hot 40 Pro
Infinix Hot 40 Pro ;Infinix Hot 40 ProP-0227;;Pantalla;Infinix;Hot 40 Pro;;35;10;0;0;Infinix Hot 40 Pro  / Infinix Note 30 INCELL / Infinix Hot 30 / Tecno Spark 10 Pro / Tecno Spark 20 Pro
Infinix Hot 40i ;Infinix Hot 40iP-0053;Sí;Pantalla;Infinix;Hot 40i;;30;9;0;0;Infinix Hot 40i / Infinix Smart 8 / Tecno Spark 20 / Tecno Spark 20C / Tecno Spark Go 2024 / Tecno Pop 8 / Infinix Smart 8 Pro
Infinix Hot 50 Con Marco;Infinix Hot 50 (C (C / M)P-1036;;Pantalla;Infinix;Hot 50;Con Marco;40;0;0;0;Infinix Hot 50 Con Marco
Infinix Hot 50 4G ;Infinix Hot 50 4GP-0228;Sí;Pantalla;Infinix;Hot 50 4G;;35;11;0;0;Tecno Spark 30 4G / Infinix Hot 50 4G
Infinix Hot 50 Pro INCELL;Infinix Hot 50 Pro (INCELL)P-0230;si;Pantalla;Infinix;Hot 50 Pro;INCELL;40;11;0;0;Infinix Hot 50 Pro INCELL / Tecno Spark 30 Pro INCELL
Infinix Hot 50 Pro ORIGINAL;Infinix Hot 50 Pro (ORIGINAL)P-0231;;Pantalla;Infinix;Hot 50 Pro;ORIGINAL;100;40;0;0;Infinix Hot 50 Pro ORIGINAL / Tecno Spark 30 Pro ORIGINAL / Tecno Spark 20 Pro ORIGINAL
Infinix Hot 50 Pro Plus 4G ORIGINAL;Infinix Hot 50 Pro Plus 4G (ORIGINAL)P-0232;;Pantalla;Infinix;Hot 50 Pro Plus 4G;ORIGINAL;100;40;0;0;Infinix Hot 50 Pro Plus 4G ORIGINAL / Infinix Note 40 Pro ORIGINAL / Tecno Spark 20 Pro Plus ORIGINAL
Infinix Hot 50i 4G ;Infinix Hot 50i 4GP-0229;;Pantalla;Infinix;Hot 50i 4G;;30;9;0;0;Infinix Hot 50i 4G  / Infinix Smart 9 / Tecno Spark Go 1
Infinix Hot 60 Proplus INCELL;Infinix Hot 60 ProplusP-1038;SI;Pantalla;Infinix;Hot 60 Proplus;INCELL;20;50;0;0;Infinix Hot 60 Proplus INCELL
Infinix Hot 60i ;Infinix Hot 60iP-0234;;Pantalla;Infinix;Hot 60i;;30;9;0;0;Infinix Hot 60i 
Infinix Hot 60 ;Infinix Hot 60P-1030;;Pantalla;Infinix;Hot 60;;30;9;0;0;Infinix Hot 60  / Infinix Smart 10
Infinix Note 10 ;Infinix Note 10P-0239;;Pantalla;Infinix;Note 10;;35;11;0;0;Infinix Note 10 / Tecno Pova 2 / Infinix Note 11 Pro
Infinix Note 11 Pro ;Infinix Note 11 Pro;;Pantalla;Infinix;Note 11 Pro;;35;11;0;0;Infinix Note 11 Pro / Infinix Note 10 / Tecno Pova 2
Infinix Note 11 INCELL;Infinix Note 11 (INCELL)P-0240;;Pantalla;Infinix;Note 11;INCELL;35;10;0;0;Infinix Note 11 INCELL / Infinix Note 12 / Infinix Note 12 INCELL
Infinix Note 12 INCELL;Infinix Note 12 (INCELL)P-0241;;Pantalla;Infinix;Note 12;INCELL;35;10;0;0;Infinix Note 12 INCELL / Infinix Note 11 INCELL
Infinix Note 30 INCELL;Infinix Note 30 (INCELL)P-0243;;Pantalla;Infinix;Note 30;INCELL;35;10;0;0;Infinix Note 30 INCELL / Infinix Hot 30 / Tecno Spark 10 Pro / Tecno Spark 20 Pro / Infinix Hot 40 Pro
Infinix Camon 20 Pro ;Tecno Camon 20 Pro;;Pantalla;Infinix;Camon 20 Pro;;35;11;0;0;Tecno Camon 20 Pro / Infinix Note 30 Pro INCELL
Infinix Note 30 Pro INCELL;Infinix Note 30 Pro (INCELL)P-0244;;Pantalla;Infinix;Note 30 Pro;INCELL;35;11;0;0;Infinix Note 30 Pro INCELL / Tecno Camon 20 Pro
Infinix Note 40 INCELL;Infinix Note 40 (INCELL)P-0246;;Pantalla;Infinix;Note 40;INCELL;35;11;0;0;Infinix Note 40 INCELL / Infinix Gt 20 Pro INCELL
Infinix Note 40 ORIGINAL;Infinix Note 40 (ORIGINAL)P-0247;;Pantalla;Infinix;Note 40;ORIGINAL;100;40;0;0;Infinix Note 40 ORIGINAL / Tecno Camon 40 ORIGINAL / Infinix Gt 20 Pro ORIGINAL
Infinix Note 40 Pro ORIGINAL;Infinix Note 40 Pro (ORIGINAL)P-0248;;Pantalla;Infinix;Note 40 Pro;ORIGINAL;100;40;0;0;Infinix Note 40 Pro ORIGINAL / Tecno Spark 20 Pro Plus ORIGINAL / Infinix Hot 50 Pro Plus 4G ORIGINAL
Infinix Hot 70 ;Infinix Hot 70;;Pantalla;Infinix;Hot 70;;35;11;0;0;Infinix Hot 70 / Tecno Spark 50
Infinix Smart 10 ;Infinix Smart 10P-0261;Sí;Pantalla;Infinix;Smart 10;;30;9;0;0;Infinix Smart 10 / Infinix Hot 60
Infinix Smart 20 ;Infinix Smart 20P-0262;;Pantalla;Infinix;Smart 20;;40;11;0;0;Infinix Smart 20 
Infinix Smart 6 HD ;Infinix Smart 6 HDP-0256;;Pantalla;Infinix;Smart 6 HD;;30;9;0;0;Infinix Smart 6 HD  / Infinix Hot 20i
Infinix Smart 7 ;Infinix Smart 7P-0258;;Pantalla;Infinix;Smart 7;;30;9;0;0;Infinix Smart 7  / Tecno Spark Go 2023 / Infinix Hot 30i / Tecno Pop 7 / Tecno Spark 10 / Tecno Spark 10C
Infinix Smart 8 ;Infinix Smart 8P-1031;;Pantalla;Infinix;Smart 8;;30;9;0;0;Infinix Smart 8 / Infinix Hot 40 / Infinix Hot 40i / Tecno Spark 20 / Tecno Spark 20C / Tecno Spark Go 2024 / Tecno Pop 8 / Infinix Smart 8 Pro
Infinix Smart 8 Pro ;Infinix Smart 8 Pro;;Pantalla;Infinix;Smart 8 Pro;;30;9;0;0;Infinix Smart 8 Pro / Tecno Spark 20 / Tecno Spark 20C / Tecno Spark Go 2024 / Tecno Pop 8 / Infinix Hot 40i / Infinix Smart 8
Infinix Smart 9 ;Infinix Smart 9P-0259;;Pantalla;Infinix;Smart 9;;30;9;0;0;Infinix Smart 9 / Infinix Hot 50i 4G / Tecno Spark Go 1
Infinix Zero X Neo ;Infinix Zero X NeoP-0266;;Pantalla;Infinix;Zero X Neo;;35;10;0;0;Infinix Zero X Neo  / Tecno Camon 17 Pro
Tecno Camon 17 ;Tecno Camon 17P-0706;;Pantalla;Tecno;Camon 17;;35;10;0;0;Tecno Camon 17 / Tecno Spark 7 Pro
Tecno Camon 17 Pro ;Tecno Camon 17 ProP-0707;;Pantalla;Tecno;Camon 17 Pro;;35;10;0;0;Tecno Camon 17 Pro / Infinix Zero X Neo
Tecno Camon 18P ;Tecno Camon 18PP-1023;;Pantalla;Tecno;Camon 18P;;35;10;0;0;Tecno Camon 18P / Infinix Hot 20s / Tecno Pova Neo / Infinix Hot 11s NFC
Tecno Camon 30 INCELL;Tecno Camon 30 (INCELL)P-0717;;Pantalla;Tecno;Camon 30;INCELL;35;12;0;0;Tecno Camon 30 INCELL / Tecno Pova 6 INCELL
Tecno Camon 40 ORIGINAL;Tecno Camon 40 (ORIGINAL)P-0720;;Pantalla;Tecno;Camon 40;ORIGINAL;100;40;0;0;Tecno Camon 40 ORIGINAL / Infinix Gt 20 Pro ORIGINAL / Infinix Note 40 ORIGINAL
Tecno Camon 40 Pro ORIGINAL;Tecno Camon 40 Pro (ORIGINAL)P-0721;;Pantalla;Tecno;Camon 40 Pro;ORIGINAL;100;40;0;0;Tecno Camon 40 Pro ORIGINAL
Tecno Pop 5 Lite ;Tecno Pop 5 Lite;;Pantalla;Tecno;Pop 5 Lite;;30;9;0;0;Tecno Pop 5 Lite 
Tecno Pop 5 Lite Con Marco;Tecno Pop 5 Lite;;Pantalla;Tecno;Pop 5 Lite;Con Marco;35;10;0;0;Tecno Pop 5 Lite Con Marco
Tecno Pop 6 Pro ;Tecno Pop 6 ProP-0727;;Pantalla;Tecno;Pop 6 Pro;;30;9;0;0;Tecno Pop 6 Pro 
Tecno Pop 7 ;Tecno Pop 7P-0728;;Pantalla;Tecno;Pop 7;;30;9;0;0;Tecno Pop 7  / Infinix Hot 30i / Tecno Spark Go 2023 / Tecno Spark 10 / Tecno Spark 10C / Infinix Smart 7
Tecno Pova ;Tecno PovaP-0730;;Pantalla;Tecno;Pova;;35;10;0;0;Tecno Pova 
Tecno Pova 2 ;Tecno Pova 2P-0731;;Pantalla;Tecno;Pova 2;;35;11;0;0;Tecno Pova 2 / Infinix Note 11 Pro / Infinix Note 10
Tecno Pova 6 INCELL;Tecno Pova 6 (INCELL)P-0736;;Pantalla;Tecno;Pova 6;INCELL;35;12;0;0;Tecno Pova 6 INCELL / Tecno Camon 30 INCELL
Tecno Pova Neo ;Tecno Pova NeoP-0738;;Pantalla;Tecno;Pova Neo;;35;10;0;0;Tecno Pova Neo  / Tecno Camon 18P / Infinix Hot 20s / Infinix Hot 11s NFC
Tecno Spark 10 ;Tecno Spark 10P-0740;;Pantalla;Tecno;Spark 10;;30;9;0;0;Tecno Spark 10  / Infinix Hot 30i / Tecno Spark Go 2023 / Tecno Pop 7 / Tecno Spark 10C / Infinix Smart 7
Tecno Spark 10 Pro ;Tecno Spark 10 ProP-0741;;Pantalla;Tecno;Spark 10 Pro;;35;10;0;0;Tecno Spark 10 Pro  / Infinix Note 30 INCELL / Infinix Hot 30 / Tecno Spark 20 Pro / Infinix Hot 40 Pro
Tecno Spark 10C ;Tecno Spark 10CP-0742;;Pantalla;Tecno;Spark 10C;;30;9;0;0;Tecno Spark 10C  / Tecno Spark Go 2023 / Infinix Hot 30i / Tecno Pop 7 / Tecno Spark 10 / Infinix Smart 7
Tecno Spark 20 Pro ORIGINAL;Tecno Spark 20 Pro ORIGINALP-0744;;Pantalla;Tecno;Spark 20 Pro;ORIGINAL;100;39;0;0;Tecno Spark 10  / Tecno Spark Go 2023 / Infinix Hot 30i / Tecno Pop 7 / Tecno Spark 10C / Infinix Smart 7
Tecno Spark 20 Pro Plus ORIGINAL;Tecno Spark 20 Pro Plus (ORIGINAL)P-0743;;Pantalla;Tecno;Spark 20 Pro Plus;ORIGINAL;100;40;0;0;Infinix Hot 50 Pro ORIGINAL / Tecno Spark 30 Pro ORIGINAL / Tecno Spark 20 Pro ORIGINAL
Tecno Spark 20 ;Tecno Spark 20;;Pantalla;Tecno;Spark 20;;30;9;0;0;Tecno Spark 20 / Tecno Spark 20C / Tecno Spark Go 2024 / Tecno Pop 8 / Infinix Hot 40i / Infinix Smart 8 / Infinix Smart 8 Pro
Tecno Spark 20C ;Tecno Spark 20C;;Pantalla;Tecno;Spark 20C;;30;9;0;0;Tecno Spark 20C / Tecno Spark 20 / Tecno Spark Go 2024 / Tecno Pop 8 / Infinix Hot 40i / Infinix Smart 8 / Infinix Smart 8 Pro
Tecno Pop 8 ;Tecno Pop 8;;Pantalla;Tecno;Pop 8;;30;9;0;0;Tecno Pop 8 / Tecno Spark 20 / Tecno Spark 20C / Tecno Spark Go 2024 / Infinix Hot 40i / Infinix Smart 8 / Infinix Smart 8 Pro
Tecno Spark 30 4G ;Tecno Spark 30 4GP-0745;;Pantalla;Tecno;Spark 30 4G;;35;11;0;0;Tecno Spark 30 4G
Tecno Spark 30 Pro INCELL;Tecno Spark 30 Pro (INCELL)P-0747;;Pantalla;Tecno;Spark 30 Pro;INCELL;40;11;0;0;Tecno Spark 30 Pro INCELL / Infinix Hot 50 Pro INCELL
Tecno Spark 30 Pro ORIGINAL;Tecno Spark 30 Pro (ORIGINAL)P-0748;;Pantalla;Tecno;Spark 30 Pro;ORIGINAL;100;40;0;0;Tecno Spark 30 Pro INCELL / Infinix Hot 50 Pro INCELL
Tecno Spark 40 ;Tecno Spark 40P-0749;;Pantalla;Tecno;Spark 40;;35;9;0;0;Tecno Spark 40 
Tecno Spark 50 ;Tecno Spark 50P-0752;;Pantalla;Tecno;Spark 50;;35;11;0;0;Tecno Spark 50 / Infinix Hot 70
Tecno Spark 6 Go ;Tecno Spark 6 GoP-0754;;Pantalla;Tecno;Spark 6 Go;;30;9;0;0;Tecno Spark 6 Go 
Tecno Spark 7T ;Tecno Spark 7T;;Pantalla;Tecno;Spark 7T;;30;9;0;0;Tecno Spark 7 / Tecno Spark 7T
Tecno Spark 7 ;Tecno Spark 7P-1024;;Pantalla;Tecno;Spark 7;;30;9;0;0;Tecno Spark 7 / Tecno Spark 7T
Tecno Spark 7 Pro ;Tecno Spark 7 ProP-0756;;Pantalla;Tecno;Spark 7 Pro;;35;10;0;0;Tecno Spark 7 Pro / Tecno Camon 17
Tecno Spark 8C ;Tecno Spark 8CP-0759;;Pantalla;Tecno;Spark 8C;;30;9;0;0;Tecno Spark 8C 
Tecno Spark 8P ;Tecno Spark 8PP-0760;;Pantalla;Tecno;Spark 8P;;30;9;0;0;Tecno Spark 8P / Tecno Spark 8T
Tecno Spark 8T ;Tecno Spark 8TP-0761;;Pantalla;Tecno;Spark 8T;;30;9;0;0;Tecno Spark 8T  / Tecno Spark 8P
Tecno Spark Go 1 ;Tecno Spark Go 1P-0764;;Pantalla;Tecno;Spark Go 1;;30;9;9;10;Tecno Spark Go 1  / Infinix Smart 9 / Infinix Hot 50i 4G / Tecno Spark Go 2025 / Tecno Spark Go 2
Tecno Spark Go 2025 ;Tecno Spark Go 2025;;Pantalla;Tecno;Spark Go 2025;;30;9;4;5;Tecno Spark Go 2025 / Tecno Spark Go 1 / Tecno Spark Go 2
Tecno Spark Go 2 ;Tecno Spark Go 2P-0766;;Pantalla;Tecno;Spark Go 2;;30;9;3;5;Tecno Spark Go 2  / Tecno Spark Go 2025 / Tecno Spark Go 1
Tecno Spark Go 2022 ;Tecno Spark Go 2022P-0768;;Pantalla;Tecno;Spark Go 2022;;30;9;2;2;Tecno Spark Go 2023 / Infinix Hot 30i / Tecno Pop 7 / Tecno Spark 10 / Tecno Spark 10C / Infinix Smart 7
Tecno Spark Go 2023 ;Tecno Spark Go 2023P-0769;;Pantalla;Tecno;Spark Go 2023;;30;9;19;10;Tecno Spark Go 2023 
Tecno Spark Go 2024 ;Tecno Spark Go 2024P-1033;;Pantalla;Tecno;Spark Go 2024;;30;9;9;10;Tecno Spark Go 2024  / Tecno Spark 20 / Tecno Spark 20C / Tecno Pop 8 / Infinix Hot 40i / Infinix Smart 8 / Infinix Smart 8 Pro
Tecno Spark Go 3 ;Tecno Spark Go 3P-0767;;Pantalla;Tecno;Spark Go 3;;35;11;3;3;Tecno Spark Go 3
